"{""id"":1,""name"":""Entdecke die Welt"",""created_at"":""2025-12-16T22:14:06.000000Z"",""updated_at"":""2025-12-16T22:14:06.000000Z""}","Krieg gegen den Winter"
"{""id"":1,""name"":""Entdecke die Welt"",""created_at"":""2025-12-16T22:14:06.000000Z"",""updated_at"":""2025-12-16T22:14:06.000000Z""}",Erkundungstagebuch
"{""id"":1,""name"":""Entdecke die Welt"",""created_at"":""2025-12-16T22:14:06.000000Z"",""updated_at"":""2025-12-16T22:14:06.000000Z""}",Jagd-Gilde
"{""id"":1,""name"":""Entdecke die Welt"",""created_at"":""2025-12-16T22:14:06.000000Z"",""updated_at"":""2025-12-16T22:14:06.000000Z""}","Wütender Bär"
"{""id"":1,""name"":""Entdecke die Welt"",""created_at"":""2025-12-16T22:14:06.000000Z"",""updated_at"":""2025-12-16T22:14:06.000000Z""}",Schatz-Königreich
"{""id"":1,""name"":""Entdecke die Welt"",""created_at"":""2025-12-16T22:14:06.000000Z"",""updated_at"":""2025-12-16T22:14:06.000000Z""}","Wohlstand ist Wissen"
"{""id"":1,""name"":""Entdecke die Welt"",""created_at"":""2025-12-16T22:14:06.000000Z"",""updated_at"":""2025-12-16T22:14:06.000000Z""}","Uralte Ruinen"
"{""id"":1,""name"":""Entdecke die Welt"",""created_at"":""2025-12-16T22:14:06.000000Z"",""updated_at"":""2025-12-16T22:14:06.000000Z""}","Tage der Kryptiden"
"{""id"":1,""name"":""Entdecke die Welt"",""created_at"":""2025-12-16T22:14:06.000000Z"",""updated_at"":""2025-12-16T22:14:06.000000Z""}","Ruf der Sterne"
"{""id"":3,""name"":""Insel des Tagesanbruchs"",""created_at"":""2025-12-16T22:16:36.000000Z"",""updated_at"":""2025-12-16T22:16:36.000000Z""}","Die Legende der Insel des Tagesanbruchs"
"{""id"":3,""name"":""Insel des Tagesanbruchs"",""created_at"":""2025-12-16T22:16:36.000000Z"",""updated_at"":""2025-12-16T22:16:36.000000Z""}","Insel der Träume"
"{""id"":3,""name"":""Insel des Tagesanbruchs"",""created_at"":""2025-12-16T22:16:36.000000Z"",""updated_at"":""2025-12-16T22:16:36.000000Z""}","Baum des Lebens"
"{""id"":3,""name"":""Insel des Tagesanbruchs"",""created_at"":""2025-12-16T22:16:36.000000Z"",""updated_at"":""2025-12-16T22:16:36.000000Z""}","Ruf des Meeres"
"{""id"":3,""name"":""Insel des Tagesanbruchs"",""created_at"":""2025-12-16T22:16:36.000000Z"",""updated_at"":""2025-12-16T22:16:36.000000Z""}","Ferner Widerhall"
"{""id"":3,""name"":""Insel des Tagesanbruchs"",""created_at"":""2025-12-16T22:16:36.000000Z"",""updated_at"":""2025-12-16T22:16:36.000000Z""}",Karawanenbesuch
"{""id"":3,""name"":""Insel des Tagesanbruchs"",""created_at"":""2025-12-16T22:16:36.000000Z"",""updated_at"":""2025-12-16T22:16:36.000000Z""}","Neue Heimat"
"{""id"":3,""name"":""Insel des Tagesanbruchs"",""created_at"":""2025-12-16T22:16:36.000000Z"",""updated_at"":""2025-12-16T22:16:36.000000Z""}","Lies des Tagesanbruchs"
"{""id"":3,""name"":""Insel des Tagesanbruchs"",""created_at"":""2025-12-16T22:16:36.000000Z"",""updated_at"":""2025-12-16T22:16:36.000000Z""}",Inselherrlichkeiten
"{""id"":4,""name"":""Tundra-Allianz"",""created_at"":""2025-12-16T22:23:15.000000Z"",""updated_at"":""2025-12-16T22:23:15.000000Z""}",Allianz-Gebäude
"{""id"":4,""name"":""Tundra-Allianz"",""created_at"":""2025-12-16T22:23:15.000000Z"",""updated_at"":""2025-12-16T22:23:15.000000Z""}","Ein Herz"
"{""id"":4,""name"":""Tundra-Allianz"",""created_at"":""2025-12-16T22:23:15.000000Z"",""updated_at"":""2025-12-16T22:23:15.000000Z""}","Hilfe der Helden"
"{""id"":4,""name"":""Tundra-Allianz"",""created_at"":""2025-12-16T22:23:15.000000Z"",""updated_at"":""2025-12-16T22:23:15.000000Z""}",Allianzressourcen
"{""id"":4,""name"":""Tundra-Allianz"",""created_at"":""2025-12-16T22:23:15.000000Z"",""updated_at"":""2025-12-16T22:23:15.000000Z""}","Verrückte Besessenheit"
"{""id"":4,""name"":""Tundra-Allianz"",""created_at"":""2025-12-16T22:23:15.000000Z"",""updated_at"":""2025-12-16T22:23:15.000000Z""}","Tugenden und Verbrechen"
"{""id"":4,""name"":""Tundra-Allianz"",""created_at"":""2025-12-16T22:23:15.000000Z"",""updated_at"":""2025-12-16T22:23:15.000000Z""}","Kinder der Neuen Welt"
"{""id"":4,""name"":""Tundra-Allianz"",""created_at"":""2025-12-16T22:23:15.000000Z"",""updated_at"":""2025-12-16T22:23:15.000000Z""}",Kommandohorn
"{""id"":4,""name"":""Tundra-Allianz"",""created_at"":""2025-12-16T22:23:15.000000Z"",""updated_at"":""2025-12-16T22:23:15.000000Z""}",Schlachtfeld-Epos
"{""id"":5,""name"":""Schlachtfeld-Epos"",""created_at"":""2025-12-16T22:23:46.000000Z"",""updated_at"":""2025-12-16T22:23:46.000000Z""}","Kaiserliche Gießerei"
"{""id"":5,""name"":""Schlachtfeld-Epos"",""created_at"":""2025-12-16T22:23:46.000000Z"",""updated_at"":""2025-12-16T22:23:46.000000Z""}","König der Waffen"
"{""id"":5,""name"":""Schlachtfeld-Epos"",""created_at"":""2025-12-16T22:23:46.000000Z"",""updated_at"":""2025-12-16T22:23:46.000000Z""}",Messing
"{""id"":5,""name"":""Schlachtfeld-Epos"",""created_at"":""2025-12-16T22:23:46.000000Z"",""updated_at"":""2025-12-16T22:23:46.000000Z""}",Königssiedlung
"{""id"":5,""name"":""Schlachtfeld-Epos"",""created_at"":""2025-12-16T22:23:46.000000Z"",""updated_at"":""2025-12-16T22:23:46.000000Z""}",Pilotenparadies
"{""id"":5,""name"":""Schlachtfeld-Epos"",""created_at"":""2025-12-16T22:23:46.000000Z"",""updated_at"":""2025-12-16T22:23:46.000000Z""}","Großer Wettbewerb"
"{""id"":5,""name"":""Schlachtfeld-Epos"",""created_at"":""2025-12-16T22:23:46.000000Z"",""updated_at"":""2025-12-16T22:23:46.000000Z""}",Canyon-Wettkampf
"{""id"":5,""name"":""Schlachtfeld-Epos"",""created_at"":""2025-12-16T22:23:46.000000Z"",""updated_at"":""2025-12-16T22:23:46.000000Z""}",Heldenruhm
"{""id"":5,""name"":""Schlachtfeld-Epos"",""created_at"":""2025-12-16T22:23:46.000000Z"",""updated_at"":""2025-12-16T22:23:46.000000Z""}","Groés Bankett"
"{""id"":6,""name"":""Spektakul\u00e4re Abenteuer"",""created_at"":""2025-12-16T22:28:24.000000Z"",""updated_at"":""2025-12-16T22:28:24.000000Z""}",Fischerturnier
"{""id"":6,""name"":""Spektakul\u00e4re Abenteuer"",""created_at"":""2025-12-16T22:28:24.000000Z"",""updated_at"":""2025-12-16T22:28:24.000000Z""}",Schneeräumer
"{""id"":6,""name"":""Spektakul\u00e4re Abenteuer"",""created_at"":""2025-12-16T22:28:24.000000Z"",""updated_at"":""2025-12-16T22:28:24.000000Z""}",Bandit
"{""id"":6,""name"":""Spektakul\u00e4re Abenteuer"",""created_at"":""2025-12-16T22:28:24.000000Z"",""updated_at"":""2025-12-16T22:28:24.000000Z""}","Tothaariger Joe"
"{""id"":6,""name"":""Spektakul\u00e4re Abenteuer"",""created_at"":""2025-12-16T22:28:24.000000Z"",""updated_at"":""2025-12-16T22:28:24.000000Z""}","Eine Königing erhebt sich"
"{""id"":6,""name"":""Spektakul\u00e4re Abenteuer"",""created_at"":""2025-12-16T22:28:24.000000Z"",""updated_at"":""2025-12-16T22:28:24.000000Z""}","Die Adler"
"{""id"":6,""name"":""Spektakul\u00e4re Abenteuer"",""created_at"":""2025-12-16T22:28:24.000000Z"",""updated_at"":""2025-12-16T22:28:24.000000Z""}",Kopfgeldjäger
"{""id"":6,""name"":""Spektakul\u00e4re Abenteuer"",""created_at"":""2025-12-16T22:28:24.000000Z"",""updated_at"":""2025-12-16T22:28:24.000000Z""}","Wandernder Händler"
"{""id"":6,""name"":""Spektakul\u00e4re Abenteuer"",""created_at"":""2025-12-16T22:28:24.000000Z"",""updated_at"":""2025-12-16T22:28:24.000000Z""}",Tundra-Abenteuer
"{""id"":37,""name"":""G\u00f6ttliche Waffen"",""created_at"":""2025-12-18T19:28:11.000000Z"",""updated_at"":""2025-12-18T19:28:11.000000Z""}",Meisterschmied
"{""id"":37,""name"":""G\u00f6ttliche Waffen"",""created_at"":""2025-12-18T19:28:11.000000Z"",""updated_at"":""2025-12-18T19:28:11.000000Z""}","Legendäre göttliche Waffe"
"{""id"":37,""name"":""G\u00f6ttliche Waffen"",""created_at"":""2025-12-18T19:28:11.000000Z"",""updated_at"":""2025-12-18T19:28:11.000000Z""}",Tundra-Handelsroute
"{""id"":37,""name"":""G\u00f6ttliche Waffen"",""created_at"":""2025-12-18T19:28:11.000000Z"",""updated_at"":""2025-12-18T19:28:11.000000Z""}",Händler-Eskorte
"{""id"":37,""name"":""G\u00f6ttliche Waffen"",""created_at"":""2025-12-18T19:28:11.000000Z"",""updated_at"":""2025-12-18T19:28:11.000000Z""}","Invasion der Kryptiden"
"{""id"":37,""name"":""G\u00f6ttliche Waffen"",""created_at"":""2025-12-18T19:28:11.000000Z"",""updated_at"":""2025-12-18T19:28:11.000000Z""}",Dampf-Rhapsodie
"{""id"":37,""name"":""G\u00f6ttliche Waffen"",""created_at"":""2025-12-18T19:28:11.000000Z"",""updated_at"":""2025-12-18T19:28:11.000000Z""}",Eisreise
"{""id"":37,""name"":""G\u00f6ttliche Waffen"",""created_at"":""2025-12-18T19:28:11.000000Z"",""updated_at"":""2025-12-18T19:28:11.000000Z""}","Exotischer Talisman"
"{""id"":37,""name"":""G\u00f6ttliche Waffen"",""created_at"":""2025-12-18T19:28:11.000000Z"",""updated_at"":""2025-12-18T19:28:11.000000Z""}",Essenzsteine
"{""id"":38,""name"":""Wiederentfachte Flammen"",""created_at"":""2025-12-18T19:28:21.000000Z"",""updated_at"":""2025-12-18T19:28:21.000000Z""}",Ofen
"{""id"":38,""name"":""Wiederentfachte Flammen"",""created_at"":""2025-12-18T19:28:21.000000Z"",""updated_at"":""2025-12-18T19:28:21.000000Z""}",Siedlungsgründung
"{""id"":38,""name"":""Wiederentfachte Flammen"",""created_at"":""2025-12-18T19:28:21.000000Z"",""updated_at"":""2025-12-18T19:28:21.000000Z""}",Dämmerungsallianz
"{""id"":38,""name"":""Wiederentfachte Flammen"",""created_at"":""2025-12-18T19:28:21.000000Z"",""updated_at"":""2025-12-18T19:28:21.000000Z""}",Entscheidungen
"{""id"":38,""name"":""Wiederentfachte Flammen"",""created_at"":""2025-12-18T19:28:21.000000Z"",""updated_at"":""2025-12-18T19:28:21.000000Z""}","Bedrohung im Anmarsch"
"{""id"":38,""name"":""Wiederentfachte Flammen"",""created_at"":""2025-12-18T19:28:21.000000Z"",""updated_at"":""2025-12-18T19:28:21.000000Z""}",Helden
"{""id"":38,""name"":""Wiederentfachte Flammen"",""created_at"":""2025-12-18T19:28:21.000000Z"",""updated_at"":""2025-12-18T19:28:21.000000Z""}",Nahrungskraft
"{""id"":38,""name"":""Wiederentfachte Flammen"",""created_at"":""2025-12-18T19:28:21.000000Z"",""updated_at"":""2025-12-18T19:28:21.000000Z""}","Eine neue Ordnung"
"{""id"":38,""name"":""Wiederentfachte Flammen"",""created_at"":""2025-12-18T19:28:21.000000Z"",""updated_at"":""2025-12-18T19:28:21.000000Z""}","Wahre Entdecker"
"{""id"":39,""name"":""Heldenlied"",""created_at"":""2025-12-18T19:28:25.000000Z"",""updated_at"":""2025-12-18T19:28:25.000000Z""}","Unerschrockene Helden"
"{""id"":39,""name"":""Heldenlied"",""created_at"":""2025-12-18T19:28:25.000000Z"",""updated_at"":""2025-12-18T19:28:25.000000Z""}",Schnee-Engel
"{""id"":39,""name"":""Heldenlied"",""created_at"":""2025-12-18T19:28:25.000000Z"",""updated_at"":""2025-12-18T19:28:25.000000Z""}","Meister des Alltags"
"{""id"":39,""name"":""Heldenlied"",""created_at"":""2025-12-18T19:28:25.000000Z"",""updated_at"":""2025-12-18T19:28:25.000000Z""}","Arcadias Vermächtnis"
"{""id"":39,""name"":""Heldenlied"",""created_at"":""2025-12-18T19:28:25.000000Z"",""updated_at"":""2025-12-18T19:28:25.000000Z""}","""Ich bin das Feuer."""
"{""id"":39,""name"":""Heldenlied"",""created_at"":""2025-12-18T19:28:25.000000Z"",""updated_at"":""2025-12-18T19:28:25.000000Z""}",Handwerksarchitekt
"{""id"":39,""name"":""Heldenlied"",""created_at"":""2025-12-18T19:28:25.000000Z"",""updated_at"":""2025-12-18T19:28:25.000000Z""}","Leben gegen Tod"
"{""id"":39,""name"":""Heldenlied"",""created_at"":""2025-12-18T19:28:25.000000Z"",""updated_at"":""2025-12-18T19:28:25.000000Z""}","Die Eisbrecher"
"{""id"":39,""name"":""Heldenlied"",""created_at"":""2025-12-18T19:28:25.000000Z"",""updated_at"":""2025-12-18T19:28:25.000000Z""}","Epos einer Neuen Welt"
